"Title","Entry ID","docking score","SMILES"
"enumerated_decorated_cores.csv:24256","2",-7.227,"c1coc(c1C[NH3+])N[C@H]2CCN(C2)c(c3[N+]([O-])=O)c[n+]([O-])cc3"
"enumerated_decorated_cores.csv:20553","3",-7.135,"C1CNC(=O)[NH+]=C1N[C@H]2CCN(C2)c(c3[N+]([O-])=O)c[n+]([O-])cc3"
"enumerated_decorated_cores.csv:22951","4",-7.025,"C1CC1C(=O)C#CN[C@H](C23CC2)CN(C3)c(c4[N+]([O-])=O)c[n+]([O-])cc4"
"enumerated_decorated_cores.csv:8600","5",-6.969,"[NH3+]CC(C[NH3+])C[NH2+][C@H]1CCN(C1)c(c2[N+]([O-])=O)c[n+]([O-])cc2"
"enumerated_decorated_cores.csv:5791","6",-6.930,"c1[n+]([O-])cccc1N[C@@H]2CCN(C2)c(c3[N+]([O-])=O)c[n+]([O-])cc3"
"enumerated_decorated_cores.csv:4699","7",-6.896,"C1CC1C(=O)C#CN[C@H]2CCN(C2)c(c3[N+]([O-])=O)c[n+]([O-])cc3"
"enumerated_decorated_cores.csv:24687","8",-6.858,"o1cccc1CON[C@@H](C23CC2)CN(C3)c(c4[N+]([O-])=O)c[n+]([O-])cc4"
"enumerated_decorated_cores.csv:16083","9",-6.854,"COC(=O)C#CN[C@H](C12CC1)CN(C2)c(c3[N+]([O-])=O)c[n+]([O-])cc3"
"enumerated_decorated_cores.csv:5816","10",-6.842,"c1[n+]([O-])nccc1N[C@@H]2CCN(C2)c(c3[N+]([O-])=O)c[n+]([O-])cc3"
"enumerated_decorated_cores.csv:7137","11",-6.811,"[NH3+]Cc1ccc(o1)N[C@H](C23CC2)CN(C3)c(c4[N+]([O-])=O)c[n+]([O-])cc4"
"enumerated_decorated_cores.csv:19982","12",-6.795,"n1cccn1CON[C@@H]2CCN(C2)c(c3[N+]([O-])=O)c[n+]([O-])cc3"
"enumerated_decorated_cores.csv:934","13",-6.794,"n1c[nH]cc1C#CN[C@@H]2CCN(C2)c(c3[N+]([O-])=O)c[n+]([O-])cc3"
"enumerated_decorated_cores.csv:18210","14",-6.767,"o1ccnc1C#CN[C@@H]2CCN(C2)c(c3[N+]([O-])=O)c[n+]([O-])cc3"
"enumerated_decorated_cores.csv:6138","15",-6.721,"n1c[nH]cc1ON[C@@H]2CCN(C2)c(c3[N+]([O-])=O)c[n+]([O-])cc3"
"enumerated_decorated_cores.csv:8920","16",-6.719,"c1[nH+]cc([O-])cc1N[C@@H]2CCN(C2)c(c3[N+]([O-])=O)c[n+]([O-])cc3"
"enumerated_decorated_cores.csv:9744","17",-6.697,"N#C[C@@H](ON)CN[C@H](C12CC1)CN(C2)c(c3[N+]([O-])=O)c[n+]([O-])cc3"
"enumerated_decorated_cores.csv:109","18",-6.693,"n1cccn1\C=C\N[C@@H](C23CC2)CN(C3)c(c4[N+]([O-])=O)c[n+]([O-])cc4"
"enumerated_decorated_cores.csv:13527","19",-6.680,"OCC#C[C@@H](C)[NH2+][C@H](C12CC1)CN(C2)c(c3[N+]([O-])=O)c[n+]([O-])cc3"
"enumerated_decorated_cores.csv:4100","20",-6.668,"CCOC(=O)C#CN[C@H]1CCN(C1)c(c2[N+]([O-])=O)c[n+]([O-])cc2"
"enumerated_decorated_cores.csv:18917","21",-6.664,"NC(=[NH2+])[C@H](C1)[C@]1(C)N[C@H](C23CC2)CN(C3)c(c4[N+]([O-])=O)c[n+]([O-])cc4"
"enumerated_decorated_cores.csv:17359","22",-6.661,"c1[n+]([O-])cccc1N[C@@H](C23CC2)CN(C3)c(c4[N+]([O-])=O)c[n+]([O-])cc4"
"enumerated_decorated_cores.csv:18740","23",-6.656,"OCC/C(F)=C\N[C@@H]1CCN(C1)c(c2[N+]([O-])=O)c[n+]([O-])cc2"
"enumerated_decorated_cores.csv:21542","24",-6.626,"n1cccn1\C=C\N[C@@H]2CCN(C2)c(c3[N+]([O-])=O)c[n+]([O-])cc3"
"enumerated_decorated_cores.csv:6039","25",-6.607,"o1cccc1/C=C/N[C@@H]2CCN(C2)c(c3[N+]([O-])=O)c[n+]([O-])cc3"
"enumerated_decorated_cores.csv:2473","26",-6.538,"[NH3+]C[C@@H](O)[C@H](C)N[C@H]1CCN(C1)c(c2[N+]([O-])=O)c[n+]([O-])cc2"
"enumerated_decorated_cores.csv:18228","27",-6.533,"OC[C@@H](O)CC[NH2+][C@@H]1CCN(C1)c(c2[N+]([O-])=O)c[n+]([O-])cc2"
"enumerated_decorated_cores.csv:23573","28",-6.530,"[NH3+]CC(=O)CN[C@H]1CCN(C1)c(c2[N+]([O-])=O)c[n+]([O-])cc2"
"enumerated_decorated_cores.csv:7838","29",-6.530,"c1c[n+]([O-])ccc1N[C@@H](C23CC2)CN(C3)c(c4[N+]([O-])=O)c[n+]([O-])cc4"
"enumerated_decorated_cores.csv:12377","30",-6.523,"N#CCC(=O)NCN[C@H](C12CC1)CN(C2)c(c3[N+]([O-])=O)c[n+]([O-])cc3"
"enumerated_decorated_cores.csv:7371","31",-6.518,"NC(=N1)N[C@@H](C1=O)N[C@H]2CCN(C2)c(c3[N+]([O-])=O)c[n+]([O-])cc3"
"enumerated_decorated_cores.csv:7181","32",-6.509,"[NH3+]C[C@@H]1[C@@H](OC1)N[C@H]2CCN(C2)c(c3[N+]([O-])=O)c[n+]([O-])cc3"
"enumerated_decorated_cores.csv:18686","33",-6.506,"n1cncn1CON[C@@H]2CCN(C2)c(c3[N+]([O-])=O)c[n+]([O-])cc3"
"enumerated_decorated_cores.csv:6012","34",-6.491,"N#CCCC(=O)N[C@H]1CCN(C1)c(c2[N+]([O-])=O)c[n+]([O-])cc2"
"enumerated_decorated_cores.csv:22272","35",-6.490,"C=C[C@@](C)(O)C#CN[C@H](C12CC1)CN(C2)c(c3[N+]([O-])=O)c[n+]([O-])cc3"
"enumerated_decorated_cores.csv:11934","36",-6.484,"CC(C)([NH3+])N[C@H](C12CC1)CN(C2)c(c3[N+]([O-])=O)c[n+]([O-])cc3"
"enumerated_decorated_cores.csv:251","37",-6.481,"OC[C@H](F)[C@H](F)N[C@@H]1CCN(C1)c(c2[N+]([O-])=O)c[n+]([O-])cc2"
"enumerated_decorated_cores.csv:17099","38",-6.480,"c1cccn1\C=C\N[C@@H](C23CC2)CN(C3)c(c4[N+]([O-])=O)c[n+]([O-])cc4"
"enumerated_decorated_cores.csv:5765","39",-6.480,"c1cccn1\C=C\N[C@@H]2CCN(C2)c(c3[N+]([O-])=O)c[n+]([O-])cc3"
"enumerated_decorated_cores.csv:9384","40",-6.478,"O=C1C[C@H](C)[C@@H](N1)N[C@H]2CCN(C2)c(c3[N+]([O-])=O)c[n+]([O-])cc3"
"enumerated_decorated_cores.csv:10518","41",-6.478,"[nH]1[nH]c(=O)cc1NN[C@H](C23CC2)CN(C3)c(c4[N+]([O-])=O)c[n+]([O-])cc4"
"enumerated_decorated_cores.csv:8653","42",-6.469,"N#C[C@H](C[NH3+])N[C@H]1CCN(C1)c(c2[N+]([O-])=O)c[n+]([O-])cc2"
"enumerated_decorated_cores.csv:13269","43",-6.460,"NC(=O)C[NH2+][C@@H](C1)C(=O)N(Nc(c2N)n[nH]c2)Cc(c13)cccc3"
"enumerated_decorated_cores.csv:17760","44",-6.449,"C1CC=C1CON[C@@H]2CCN(C2)c(c3[N+]([O-])=O)c[n+]([O-])cc3"
"enumerated_decorated_cores.csv:17322","45",-6.448,"o1ccnc1CON[C@@H]2CCN(C2)c(c3[N+]([O-])=O)c[n+]([O-])cc3"
"enumerated_decorated_cores.csv:8896","46",-6.445,"O=Cc1cc([nH]c1)N[C@H]2CCN(C2)c(c3[N+]([O-])=O)c[n+]([O-])cc3"
"enumerated_decorated_cores.csv:19153","47",-6.444,"OCC[C@H](F)N[C@@H]1CCN(C1)c(c2[N+]([O-])=O)c[n+]([O-])cc2"
"enumerated_decorated_cores.csv:17559","48",-6.439,"OCC#C[C@H]1[C@H](C1)N[C@@H]2CCN(C2)c(c3[N+]([O-])=O)c[n+]([O-])cc3"
"enumerated_decorated_cores.csv:13728","49",-6.438,"C1NC(=O)[NH+]=C1N[C@H](C23CC2)CN(C3)c(c4[N+]([O-])=O)c[n+]([O-])cc4"
"enumerated_decorated_cores.csv:24955","50",-6.429,"N#CC/C(N)=N\ON[C@H]1CCN(C1)c(c2[N+]([O-])=O)c[n+]([O-])cc2"
"enumerated_decorated_cores.csv:12229","51",-6.427,"C1OCC1C#CN[C@@H]2CCN(C2)c(c3[N+]([O-])=O)c[n+]([O-])cc3"
"enumerated_decorated_cores.csv:13873","52",-6.426,"[NH3+]CC(C[NH3+])ON[C@H](C12CC1)CN(C2)c(c3[N+]([O-])=O)c[n+]([O-])cc3"
"enumerated_decorated_cores.csv:942","53",-6.415,"[nH]1c(=O)[nH]nc1CN[C@@H]2CCN(C2)c(c3[N+]([O-])=O)c[n+]([O-])cc3"
"enumerated_decorated_cores.csv:6885","54",-6.414,"o1cccc1CON[C@@H]2CCN(C2)c(c3[N+]([O-])=O)c[n+]([O-])cc3"
"enumerated_decorated_cores.csv:20292","55",-6.414,"O=C1C[C@@H](OC1)N[C@H](C23CC2)CN(C3)c(c4[N+]([O-])=O)c[n+]([O-])cc4"
"enumerated_decorated_cores.csv:11830","56",-6.411,"C[S@](=O)OCN[C@H](C12CC1)CN(C2)c(c3[N+]([O-])=O)c[n+]([O-])cc3"
"enumerated_decorated_cores.csv:8191","57",-6.408,"C1CCC1B(O)ON[C@@H]2CCN(C2)c(c3[N+]([O-])=O)c[n+]([O-])cc3"
"enumerated_decorated_cores.csv:20320","58",-6.404,"[NH3+]Cc1c(c[nH]n1)N[C@H]2CCN(C2)c(c3[N+]([O-])=O)c[n+]([O-])cc3"
"enumerated_decorated_cores.csv:23603","59",-6.402,"[nH+]1cn(C)c(c1C)N[C@H](C23CC2)CN(C3)c(c4[N+]([O-])=O)c[n+]([O-])cc4"
"enumerated_decorated_cores.csv:2102","60",-6.401,"C1OCC1ON[C@@H]2CCN(C2)c(c3[N+]([O-])=O)c[n+]([O-])cc3"
"enumerated_decorated_cores.csv:1666","61",-6.400,"Cc1cc(cn[nH+]1)N[C@H]2CCN(C2)c(c3[N+]([O-])=O)c[n+]([O-])cc3"
"enumerated_decorated_cores.csv:10812","62",-6.398,"c1cccc(c12)CN(CC(C)(C)CC#N)C(=O)[C@@H](C2)/N=C3\C=C[N+](=N3)[O-]"
"enumerated_decorated_cores.csv:194","63",-6.394,"NC(=[NH2+])CN[C@H]1CCN(C1)c(c2[N+]([O-])=O)c[n+]([O-])cc2"
"enumerated_decorated_cores.csv:12502","64",-6.393,"CC#CC(=O)ON[C@H](C12CC1)CN(C2)c(c3[N+]([O-])=O)c[n+]([O-])cc3"
"enumerated_decorated_cores.csv:9976","65",-6.390,"C=Cn(n1)cnc1N[C@H]2CCN(C2)c(c3[N+]([O-])=O)c[n+]([O-])cc3"
"enumerated_decorated_cores.csv:13448","66",-6.388,"c1c[n+]([O-])cc(c1[N+]([O-])=O)N(C2)C[C@H](C23CC3)[NH2+][C@H]4CC[C@@H]([C@@H]45)[NH2+]C5"
"enumerated_decorated_cores.csv:7521","67",-6.387,"O=CCCC(=O)N[C@H]1CCN(C1)c(c2[N+]([O-])=O)c[n+]([O-])cc2"
"enumerated_decorated_cores.csv:1866","68",-6.386,"N#CC[C@@](C)(O)N[C@H](C12CC1)CN(C2)c(c3[N+]([O-])=O)c[n+]([O-])cc3"
"enumerated_decorated_cores.csv:4677","69",-6.373,"OCC(CO)C[NH2+][C@@H]1CCN(C1)c(c2[N+]([O-])=O)c[n+]([O-])cc2"
"enumerated_decorated_cores.csv:5091","70",-6.372,"C#CC(=O)OCN[C@H](C12CC1)CN(C2)c(c3[N+]([O-])=O)c[n+]([O-])cc3"
"enumerated_decorated_cores.csv:16010","71",-6.366,"c1ccnc(c12)C[C@H](C[N@H+](C2)[C@H](C3)[C@H]3C[NH3+])NO[C@@H]4C[C@@H](C4)O"
"enumerated_decorated_cores.csv:8469","72",-6.363,"[NH3+]Cc1cc([nH]c1)N[C@H]2CCN(C2)c(c3[N+]([O-])=O)c[n+]([O-])cc3"
"enumerated_decorated_cores.csv:21086","73",-6.362,"O=Cc1cc(oc1)N[C@H]2CCN(C2)c(c3[N+]([O-])=O)c[n+]([O-])cc3"
"enumerated_decorated_cores.csv:368","74",-6.362,"C1C(=O)NC(N)=C1[N-][C@H]2CCN(C2)c(c3[N+]([O-])=O)c[n+]([O-])cc3"
"enumerated_decorated_cores.csv:9004","75",-6.361,"C1CC1[C@@H](O)C#CN[C@@H](C23CC2)CN(C3)c(c4[N+]([O-])=O)c[n+]([O-])cc4"
"enumerated_decorated_cores.csv:20506","76",-6.354,"[NH3+]Cc1c(cco1)N[C@H]2CCN(C2)c(c3[N+]([O-])=O)c[n+]([O-])cc3"
"enumerated_decorated_cores.csv:21840","77",-6.352,"c1[nH]ncc1[C@@H](O)N[C@@H]2CCN(C2)c(c3[N+]([O-])=O)c[n+]([O-])cc3"
"enumerated_decorated_cores.csv:7986","78",-6.346,"[NH2+]1CC[C@@]12C[C@@H](C2)[NH2+][C@@H]3CCN(C3)c(c4[N+]([O-])=O)c[n+]([O-])cc4"
"enumerated_decorated_cores.csv:9925","79",-6.346,"CC#CSCN[C@H](C12CC1)CN(C2)c(c3[N+]([O-])=O)c[n+]([O-])cc3"
"enumerated_decorated_cores.csv:16475","80",-6.341,"C1CC1NON[C@@H]2CCN(C2)c(c3[N+]([O-])=O)c[n+]([O-])cc3"
"enumerated_decorated_cores.csv:3925","81",-6.333,"n1[nH]cc(c1CO)N[C@@H]2CCN(C2)c(c3[N+]([O-])=O)c[n+]([O-])cc3"
"enumerated_decorated_cores.csv:6711","82",-6.331,"C1[NH2+]CCN1N[C@@H](C23CC2)CN(C3)c(c4[N+]([O-])=O)c[n+]([O-])cc4"
"enumerated_decorated_cores.csv:7204","83",-6.330,"[nH]1c(=O)[nH]nc1N[C@H]2CCN(C2)c(c3[N+]([O-])=O)c[n+]([O-])cc3"
"enumerated_decorated_cores.csv:19127","84",-6.330,"O[C@@]12C[C@@H](C1)[C@H](C2)[NH2+][C@@H](C34CC3)CN(C4)c(c5[N+]([O-])=O)c[n+]([O-])cc5"
"enumerated_decorated_cores.csv:7433","85",-6.329,"C1[C@H]([NH3+])[C@@H]1[C@H](O)N[C@H]2CCN(C2)c(c3[N+]([O-])=O)c[n+]([O-])cc3"
"enumerated_decorated_cores.csv:15782","86",-6.326,"C1S[C@H](C1=O)N[C@H](C23CC2)CN(C3)c(c4[N+]([O-])=O)c[n+]([O-])cc4"
"enumerated_decorated_cores.csv:9089","87",-6.323,"n1occc1CNN[C@@H]2CCN(C2)c(c3[N+]([O-])=O)c[n+]([O-])cc3"
"enumerated_decorated_cores.csv:15141","88",-6.322,"N#CC[C@H](O)/C=C/N[C@H]1CCN(C1)c(c2[N+]([O-])=O)c[n+]([O-])cc2"
"enumerated_decorated_cores.csv:14984","89",-6.313,"O1CC[C@@H]1[C@@H](O)N[C@@H]2C[N@H+]([C@H]([C@H]23)C3)[C@H](C=CC4)[C@H]4C[NH3+]"
"enumerated_decorated_cores.csv:13556","90",-6.311,"C=C[C@H](O)C/C=C/N[C@H]1CCN(C1)c(c2[N+]([O-])=O)c[n+]([O-])cc2"
"enumerated_decorated_cores.csv:5699","91",-6.310,"NC(=[NH2+])[C@H]1[C@@H](C)[C@H]1N[C@H](C23CC2)CN(C3)c(c4[N+]([O-])=O)c[n+]([O-])cc4"
"enumerated_decorated_cores.csv:16696","92",-6.310,"O1COCC[C@@H]1N[C@@H]2CCN(C2)c(c3[N+]([O-])=O)c[n+]([O-])cc3"
"enumerated_decorated_cores.csv:89","93",-6.309,"C[C@H]([NH3+])[C@H]([O-])[N@H+]([C@H]([C@@H]12)C1)C[C@H]2Nc3ccco3"
"enumerated_decorated_cores.csv:5088","94",-6.309,"n1nccn1\C=C\N[C@@H]2CCN(C2)c(c3[N+]([O-])=O)c[n+]([O-])cc3"
"enumerated_decorated_cores.csv:10054","95",-6.307,"n1cocc1CON[C@@H]2CCN(C2)c(c3[N+]([O-])=O)c[n+]([O-])cc3"
"enumerated_decorated_cores.csv:18001","96",-6.305,"OC/C=C/C1(CC1)N[C@@H]2CCN(C2)c(c3[N+]([O-])=O)c[n+]([O-])cc3"
"enumerated_decorated_cores.csv:11886","97",-6.303,"[NH3+]C[C@@H](CO)/C=N\[C@H]1CCN(C1)c(c2[N+]([O-])=O)c[n+]([O-])cc2"
"enumerated_decorated_cores.csv:4504","98",-6.300,"OC[C@H](F)C[NH2+][C@@H]1CCN(C1)c(c2[N+]([O-])=O)c[n+]([O-])cc2"
"enumerated_decorated_cores.csv:19097","99",-6.299,"[nH]1cnn(c1=O)CN[C@H](C23CC2)CN(C3)c(c4[N+]([O-])=O)c[n+]([O-])cc4"
"enumerated_decorated_cores.csv:528","100",-6.292,"C1CC1(O)/C=C/N[C@@H]2CCN(C2)c(c3[N+]([O-])=O)c[n+]([O-])cc3"
"enumerated_decorated_cores.csv:5444","101",-6.290,"C[C@H]([NH3+])[C@H](O)CN[C@H]1CCN(C1)c(c2[N+]([O-])=O)c[n+]([O-])cc2"
"enumerated_decorated_cores.csv:8226","102",-6.287,"OCCC(C)=C=CN[C@H](C12CC1)CN(C2)c(c3[N+]([O-])=O)c[n+]([O-])cc3"
"enumerated_decorated_cores.csv:7735","103",-6.287,"O=c1ccnc([nH]1)N[C@@H](C23CC2)CN(C3)c(c4[N+]([O-])=O)c[n+]([O-])cc4"
"enumerated_decorated_cores.csv:20610","104",-6.286,"c1[nH+]ccc(N)c1N[C@H]2CCN(C2)c(c3[N+]([O-])=O)c[n+]([O-])cc3"
"enumerated_decorated_cores.csv:23468","105",-6.285,"N1=[N+]([O-])C=C/C1=N/[C@@H]2CCN(C2)c(c3[N+]([O-])=O)c[n+]([O-])cc3"
"enumerated_decorated_cores.csv:16885","106",-6.281,"[NH3+]C[C@H](O)CON[C@H]1CCN(C1)c(c2[N+]([O-])=O)c[n+]([O-])cc2"
"enumerated_decorated_cores.csv:3608","107",-6.270,"Cc1ccn(c1)CN[C@H]2CCN(C2)c(c3[N+]([O-])=O)c[n+]([O-])cc3"
"enumerated_decorated_cores.csv:8772","108",-6.269,"n1ccncc1ON[C@@H]2CCN(C2)c(c3[N+]([O-])=O)c[n+]([O-])cc3"
"enumerated_decorated_cores.csv:2290","109",-6.267,"[NH3+]Cc1c(con1)N[C@H]2CCN(C2)c(c3[N+]([O-])=O)c[n+]([O-])cc3"
"enumerated_decorated_cores.csv:4086","110",-6.267,"[NH3+]C[C@H](O)CN[C@H]1CCN(C1)c(c2[N+]([O-])=O)c[n+]([O-])cc2"
"enumerated_decorated_cores.csv:13114","111",-6.266,"C\C=C(C)\C(=O)CN[C@H](C12CC1)CN(C2)c(c3[N+]([O-])=O)c[n+]([O-])cc3"
"enumerated_decorated_cores.csv:9507","112",-6.266,"NC(=O)OCC#CN[C@H](C12CC1)CN(C2)c(c3[N+]([O-])=O)c[n+]([O-])cc3"
"enumerated_decorated_cores.csv:86","113",-6.262,"Cc1nc(no1)NN[C@H]2CCN(C2)c(c3[N+]([O-])=O)c[n+]([O-])cc3"
"enumerated_decorated_cores.csv:24431","114",-6.259,"Cc1cnn(c1)CN[C@H]2CCN(C2)c(c3[N+]([O-])=O)c[n+]([O-])cc3"
"enumerated_decorated_cores.csv:22045","115",-6.258,"c1occc1CON[C@@H]2CCN(C2)c(c3[N+]([O-])=O)c[n+]([O-])cc3"
"enumerated_decorated_cores.csv:23301","116",-6.252,"o1nc(N)nc1CN[C@H](C23CC2)CN(C3)c(c4[N+]([O-])=O)c[n+]([O-])cc4"
"enumerated_decorated_cores.csv:3431","117",-6.247,"CC1=C[C@H]1C(=O)ON[C@H](C23CC2)CN(C3)c(c4[N+]([O-])=O)c[n+]([O-])cc4"
"enumerated_decorated_cores.csv:19379","118",-6.246,"NC(=O)OCN[C@H](C12CC1)CN(C2)c(c3[N+]([O-])=O)c[n+]([O-])cc3"
"enumerated_decorated_cores.csv:5608","119",-6.241,"Fc1cnc(nc1)N[C@@H](C23CC2)CN(C3)c(c4[N+]([O-])=O)c[n+]([O-])cc4"
"enumerated_decorated_cores.csv:19876","120",-6.241,"n1cnccc1N[C@@H](C23CC2)CN(C3)c(c4[N+]([O-])=O)c[n+]([O-])cc4"
