"Title","El-14 Energy-S-OPLS","docking score","SMILES"
"nsp13-x0420-oneChain - minimized",1034.895,,""
"8454_generated_biased",,-7.374,"c1[n+]([O-])cc(N)cc1N[C@H]2CCN(C2)c(c3[N+]([O-])=O)c[n+]([O-])cc3"
"6622_generated_biased",,-7.143,"CC(=O)C(=O)C#CN[C@H](C12CC1)CN(C2)c(c3[N+]([O-])=O)c[n+]([O-])cc3"
"1248_generated_biased",,-6.854,"c1[nH]ccc1\C=C\[C@]([NH3+])(CO)N[C@H]2CCN(C2)c(c3[N+]([O-])=O)c[n+]([O-])cc3"
"1680_generated_biased",,-6.781,"c1c[n+]([O-])cc(c1[N+]([O-])=O)N(C2)CC[C@H]2NO[C@H](C3)COc(c34)cccc4"
"3421_generated_biased",,-6.736,"[NH3+]C[C@@H](C)[C@H]([NH3+])N[C@H]1CCN(C1)c(c2[N+]([O-])=O)c[n+]([O-])cc2"
"6130_generated_biased",,-6.710,"c1ccccc1C[C@@H]([NH3+])N(C2)C[C@H]([NH2+][C@]3(O)[C@@H](C3)O)Cc(c24)nccc4"
"2880_generated_biased",,-6.708,"N#Cc1c(C)nc(nc1)N[C@H]2CCN(C2)c(c3[N+]([O-])=O)c[n+]([O-])cc3"
"2176_generated_biased",,-6.641,"c1cccc(c12)[nH]c(c2)N[C@@H]3CCN(C3)c(c4[N+]([O-])=O)c[n+]([O-])cc4"
"8899_generated_biased",,-6.618,"[nH]1cccc1/C=N/N[C@@H]2CCN(C2)c(c3[N+]([O-])=O)c[n+]([O-])cc3"
"123_generated_biased",,-6.579,"N#C\N=C(N)\N[C@H]1CCN(C1)c(c2[N+]([O-])=O)c[n+]([O-])cc2"
"7968_generated_biased",,-6.548,"Nc1c[nH+]cn1N[C@H]2CCN(C2)c(c3[N+]([O-])=O)c[n+]([O-])cc3"
"8487_generated_biased",,-6.548,"N#C/C(=N\N)C(=O)N[C@H]1CCN(C1)c(c2[N+]([O-])=O)c[n+]([O-])cc2"
"6273_generated_biased",,-6.522,"o1nccc1CON[C@@H](C23CC2)CN(C3)c(c4[N+]([O-])=O)c[n+]([O-])cc4"
"750_generated_biased",,-6.519,"[NH3+]Cc1nc(c[nH]1)N[C@H](C23CC2)CN(C3)c(c4[N+]([O-])=O)c[n+]([O-])cc4"
"669_generated_biased",,-6.510,"O1CCOC=C1C(=O)NN[C@H](C23CC2)CN(C3)c(c4[N+]([O-])=O)c[n+]([O-])cc4"
"5979_generated_biased",,-6.495,"N/C=C(N)\C(=O)NN[C@H](C12CC1)CN(C2)c(c3[N+]([O-])=O)c[n+]([O-])cc3"
"1200_generated_biased",,-6.482,"C1CC[C@H]([C@@]1(O)C[NH3+])[NH2+][C@H](C23CC2)CN(C3)c(c4[N+]([O-])=O)c[n+]([O-])cc4"
"9221_generated_biased",,-6.474,"O=C[C@](C)(O)C#CN[C@H](C12CC1)CN(C2)c(c3[N+]([O-])=O)c[n+]([O-])cc3"
"7379_generated_biased",,-6.464,"C1CC1OC[C@]2(C[NH3+])CN2[C@H]3CCN(C3)c(c4[N+]([O-])=O)c[n+]([O-])cc4"
"3720_generated_biased",,-6.436,"CNOC(=O)C#CN[C@H](C12CC1)CN(C2)c(c3[N+]([O-])=O)c[n+]([O-])cc3"
"8875_generated_biased",,-6.417,"[NH3+]CC[C@]1(C[NH3+])[C@@H](C1)N[C@H](C23CC2)CN(C3)c(c4[N+]([O-])=O)c[n+]([O-])cc4"
"6876_generated_biased",,-6.402,"[nH]1cccc1CC(=O)NN[C@H](C23CC2)CN(C3)c(c4[N+]([O-])=O)c[n+]([O-])cc4"
"467_generated_biased",,-6.402,"N#Cc1cc(oc1)ON[C@H]2CCN(C2)c(c3[N+]([O-])=O)c[n+]([O-])cc3"
"6159_generated_biased",,-6.400,"[C-]#[N+][C@@H]1C[C@@H](C1)[N@H+](C2)CC[C@H]2N[NH2+][O-]"
"6172_generated_biased",,-6.384,"C1[C@H]([NH3+])[C@@]1(F)N[C@H]2CCN(C2)c(c3[N+]([O-])=O)c[n+]([O-])cc3"
"3666_generated_biased",,-6.367,"C#CC(=O)NCN[C@H](C12CC1)CN(C2)c(c3[N+]([O-])=O)c[n+]([O-])cc3"
"662_generated_biased",,-6.366,"CCOCC(=O)NN[C@H](C12CC1)CN(C2)c(c3[N+]([O-])=O)c[n+]([O-])cc3"
"776_generated_biased",,-6.343,"NC(=O)C#CN[C@H](C12CC1)CN(C2)c(c3[N+]([O-])=O)c[n+]([O-])cc3"
"7636_generated_biased",,-6.329,"C=C[C@H](O)/C=N/N[C@H](C12CC1)CN(C2)c(c3[N+]([O-])=O)c[n+]([O-])cc3"
"4592_generated_biased",,-6.325,"[nH]1cnc(c1C)ON[C@H]2CCN(C2)c(c3[N+]([O-])=O)c[n+]([O-])cc3"
"2177_generated_biased",,-6.323,"[O-]C(=O)[C@H](C)C#CN[C@H](C12CC1)CN(C2)c(c3[N+]([O-])=O)c[n+]([O-])cc3"
"1536_generated_biased",,-6.316,"c1[n+]([O-])ccc([N+]([O-])=O)c1[C@@H](F)NN[C@H](C23CC2)CN(C3)c(c4[N+]([O-])=O)c[n+]([O-])cc4"
"5155_generated_biased",,-6.308,"c1cccc(c12)[nH]cc2C(=O)N[C@H]3CCN(C3)c(c4[N+]([O-])=O)c[n+]([O-])cc4"
"3207_generated_biased",,-6.287,"CCC/C(CC[NH3+])=N/[C@H](C12CC1)CN(C2)c(c3[N+]([O-])=O)c[n+]([O-])cc3"
"7316_generated_biased",,-6.264,"c1cccc(c12)oc(n2)N[C@@H]3CCN(C3)c(c4[N+]([O-])=O)c[n+]([O-])cc4"
"1640_generated_biased",,-6.256,"OC[C@@H]1C=NO[C@@H]1N[C@@H](C23CC2)CN(C3)c(c4[N+]([O-])=O)c[n+]([O-])cc4"
"2035_generated_biased",,-6.255,"c1[nH]nc(c1N)N[C@H](C23CC2)CN(C3)c(c4[N+]([O-])=O)c[n+]([O-])cc4"
"1107_generated_biased",,-6.250,"CC/C(N)=N\ON[C@H]1CCN(C1)c(c2[N+]([O-])=O)c[n+]([O-])cc2"
"7874_generated_biased",,-6.247,"CC#C[C@@](O)(C[NH3+])N[C@H]1CCN(C1)c(c2[N+]([O-])=O)c[n+]([O-])cc2"
"1294_generated_biased",,-6.229,"c1occc1C(=[NH2+])NN[C@H]2CCN(C2)c(c3[N+]([O-])=O)c[n+]([O-])cc3"
"8600_generated_biased",,-6.208,"[NH3+]C[C@@H]1[C@@H](O1)N[C@H]2CCN(C2)c(c3[N+]([O-])=O)c[n+]([O-])cc3"
"9662_generated_biased",,-6.207,"c1c[n+]([O-])cc(c1[N+]([O-])=C)N(C2)CC[C@H]2[NH2+]Cc3ccccn3"
"655_generated_biased",,-6.202,"CC(C)[C@H](O)C#CN[C@@H](C1)C(=O)N(C[C@@]2(C)CC[NH2+]2)Cc(c13)cccc3"
"1575_generated_biased",,-6.202,"C[C@@H]1[C@@H]([C@@H]1O)[NH2+][C@@H](C[C@H]2CO)CN2c(c3[N+]([O-])=O)c[n+]([O-])cc3"
"501_generated_biased",,-6.193,"N\N=C\C[C@@H](C[NH3+])N[C@H]1CCN(C1)c(c2[N+]([O-])=O)c[n+]([O-])cc2"
"2423_generated_biased",,-6.188,"O1C[C@@H]1CON[C@@H]2CCN(C2)c(c3[N+]([O-])=O)c[n+]([O-])cc3"
"6148_generated_biased",,-6.186,"N1CC(=O)C(=C1C)N[C@H](C23CC2)CN(C3)c(c4[N+]([O-])=O)c[n+]([O-])cc4"
"3318_generated_biased",,-6.168,"[NH3+][C@H](S1)CN([C@H]1C)N[C@H]2CCN(C2)c(c3[N+]([O-])=O)c[n+]([O-])cc3"
"4071_generated_biased",,-6.163,"C[C@H]([NH3+])C(=O)CN[C@H]1CCN(C1)c(c2[N+]([O-])=O)c[n+]([O-])cc2"
"4912_generated_biased",,-6.161,"C1CCC[N+](=C1N)N[C@H](C23CC2)CN(C3)c(c4[N+]([O-])=O)c[n+]([O-])cc4"
"1162_generated_biased",,-6.156,"CC(=[NH2+])CNC[NH2+][C@H]1CCN(C1)c(c2[N+]([O-])=O)c[n+]([O-])cc2"
"5937_generated_biased",,-6.153,"CCC[C@H](C[NH3+])C[NH2+][C@H]1CCN(C1)c(c2[N+]([O-])=O)c[n+]([O-])cc2"
"917_generated_biased",,-6.144,"[NH3+]CCCC#CN[C@H](C12CC1)CN(C2)c(c3[N+]([O-])=O)c[n+]([O-])cc3"
"8436_generated_biased",,-6.141,"C#CC(=O)CON[C@H](C12CC1)CN(C2)c(c3[N+]([O-])=O)c[n+]([O-])cc3"
"5231_generated_biased",,-6.132,"[nH]1c(O)ccc1/C=N/NC[C@H](c(c23)cc(F)cc2F)N(CC3)[C@H](CO4)[C@H]4C[NH3+]"
"1664_generated_biased",,-6.125,"S=C=Nc1ccc(nn1)N(C2)CC[C@@H]2Nc3c(O)cccc3"
"6992_generated_biased",,-6.119,"CCOC[C@H](C[NH3+])N[C@H]1CCN(C1)c(c2[N+]([O-])=O)c[n+]([O-])cc2"
"5350_generated_biased",,-6.114,"N#C[C@@H]1[C@@H](C1)NN[C@H](C23CC2)CN(C3)c(c4[N+]([O-])=O)c[n+]([O-])cc4"
"4050_generated_biased",,-6.107,"[NH3+]C[C@H]1CN1N[C@H](C23CC2)CN(C3)c(c4[N+]([O-])=O)c[n+]([O-])cc4"
"7669_generated_biased",,-6.102,"OC[C@@H](O)[C@H](C)CON[C@H]1CCN(C1)c(c2[N+]([O-])=O)c[n+]([O-])cc2"
"5080_generated_biased",,-6.101,"c1ncnc(c1CO)N(C2)CC[C@@H]2Nc3c([N+]([O-])=O)c[n+]([O-])cc3"
"7474_generated_biased",,-6.101,"C#CC1=C(CC)OC[C@H]1N[C@H](C23CC2)CN(C3)c(c4[N+]([O-])=O)c[n+]([O-])cc4"
"4699_generated_biased",,-6.099,"c1[nH]nc(OC)c1N[C@H](C23CC2)CN(C3)c(c4[N+]([O-])=O)c[n+]([O-])cc4"
"262_generated_biased",,-6.075,"O=C1C[C@H]([C@@H]([C@@H]12)[NH2+]2)N[C@H]3CCN(C3)c(c4[N+]([O-])=O)c[n+]([O-])cc4"
"1156_generated_biased",,-6.075,"[NH3+]CCC[C@H](C#N)/N=C1\CCN(C1)c(c2[N+]([O-])=O)c[n+]([O-])cc2"
"8577_generated_biased",,-6.073,"C[NH2+]CNc1c(c[nH+]cc1)N[C@H](C23CC2)CN(C3)c(c4[N+]([O-])=O)c[n+]([O-])cc4"
"8231_generated_biased",,-6.070,"[O-]C(=O)CN([NH3+])[N@H+](C1)C[C@@H](C12CC2)N[C@@H](N)[C@H](C)[NH3+]"
"2500_generated_biased",,-6.060,"Brc1ccc(nc1)N[C@@H]2CCN(C2)c(c3[N+]([O-])=O)c[n+]([O-])cc3"
"3883_generated_biased",,-6.052,"[NH3+]C[C@@H](C1)[C@]1(F)N[C@H](C23CC2)CN(C3)c(c4[N+]([O-])=O)c[n+]([O-])cc4"
"8016_generated_biased",,-6.046,"NC1=[NH+][C@H](CC1)N[C@H](C23CC2)CN(C3)c(c4[N+]([O-])=O)c[n+]([O-])cc4"
"2924_generated_biased",,-6.037,"Fc1cc(F)cc(c12)[C@@H](N(CC2)NC(=O)C#N)C[NH2+]CCNC(=O)C"
"5037_generated_biased",,-6.036,"C[C@]1([NH3+])[C@@H](C1)N[C@H]2CCN(C2)c(c3[N+]([O-])=O)c[n+]([O-])cc3"
"6580_generated_biased",,-6.029,"O=C1N[C@H](CS1)N[C@H](C23CC2)CN(C3)c(c4[N+]([O-])=O)c[n+]([O-])cc4"
"9309_generated_biased",,-6.025,"O=C1CCN(C1)N[C@H](C23CC2)CN(C3)c(c4[N+]([O-])=O)c[n+]([O-])cc4"
"5435_generated_biased",,-6.025,"c1c[n+]([O-])cc(c1[N+]([O-])=O)N([C@H]([C@@H]23)C2)C[C@@H]3N[C@@H](O4)OCC4=O"
"4821_generated_biased",,-6.018,"NC(=O)/C(C)=C/N[C@H]1CCN(C1)c(c2[N+]([O-])=O)c[n+]([O-])cc2"
"2920_generated_biased",,-6.015,"CC1=[NH+]N[C@H](C(=O)N1)N[C@H]2CCN(C2)c(c3[N+]([O-])=O)c[n+]([O-])cc3"
"4214_generated_biased",,-6.014,"C[N@H+](C1)C[C@H]1N[C@H]2CCN(C2)c(c3[N+]([O-])=O)c[n+]([O-])cc3"
"9576_generated_biased",,-6.006,"C[NH2+]/C=C(\CC)[N-][C@H]1C[N@H+]([C@@H]([C@@H]12)C2)CCc3c([N+]([O-])=O)cc[n+]([O-])c3"
"9510_generated_biased",,-6.004,"c1ccnc(c12)C[C@H]([NH2+]C[C@@H](C#N)C(=O)C)CN(C2)c([nH+]c3)c(N)c(c34)[nH]cc4"
"9966_generated_biased",,-6.002,"C[NH2+]CCNN[C@H]1CCN(C1)c(c2[N+]([O-])=O)c[n+]([O-])cc2"
"979_generated_biased",,-5.987,"CSC[C@H](C[NH3+])N[C@H]1CCN(C1)c(c2[N+]([O-])=O)c[n+]([O-])cc2"
"1254_generated_biased",,-5.970,"C1CCCN([C@@H]12)[C@H](O2)N[C@@H]3CCN(C3)c(c4[N+]([O-])=O)c[n+]([O-])cc4"
"9694_generated_biased",,-5.967,"CCC/C=C/ON[C@H]1CCN(C1)c(c2[N+]([O-])=O)c[n+]([O-])cc2"
"7769_generated_biased",,-5.963,"C#CCC(=O)OCN[C@H]1CCN(C1)c(c2[N+]([O-])=O)c[n+]([O-])cc2"
"3024_generated_biased",,-5.962,"BC[C@H](B)C(=O)NN[C@H](C12CC1)CN(C2)c(c3[N+]([O-])=O)c[n+]([O-])cc3"
"799_generated_biased",,-5.961,"NCC/C=C/N[C@H](C12CC1)CN(C2)c(c3[N+]([O-])=O)c[n+]([O-])cc3"
"5911_generated_biased",,-5.960,"COC(=O)[C@H](C)ON[C@H]1CCN(C1)c(c2[N+]([O-])=O)c[n+]([O-])cc2"
"2491_generated_biased",,-5.959,"C[NH2+][C@H](C)[C@@H](F)N[C@H]1CCN(C1)c(c2[N+]([O-])=O)c[n+]([O-])cc2"
"1759_generated_biased",,-5.957,"OC[C@H]1C[C@H](C[NH2+]1)N[C@@H]2CCN(C2)c(c3[N+]([O-])=O)c[n+]([O-])cc3"
"1660_generated_biased",,-5.939,"c1cccc(c12)C[C@H](C2=O)N[C@H]3CCN(C3)c(c4[N+]([O-])=O)c[n+]([O-])cc4"
"5110_generated_biased",,-5.935,"Nc1cnc(nc1)N[C@H](C23CC2)CN(C3)c(c4[N+]([O-])=O)c[n+]([O-])cc4"
"2534_generated_biased",,-5.928,"C[C@H]([NH3+])[C@@](C)(N)C[NH2+][C@H]1CN([C@H]([C@H]12)C2)c3ccccn3"
"948_generated_biased",,-5.925,"[O-]\[NH+]=C(N)\NN[C@H](C12CC1)CN(C2)c(c3[N+]([O-])=O)c[n+]([O-])cc3"
"4647_generated_biased",,-5.917,"C#C[C@H](O)CSN[C@H](C12CC1)CN(C2)c(c3[N+]([O-])=O)c[n+]([O-])cc3"
"852_generated_biased",,-5.911,"C[NH2+]C[C@@H]1[C@@H](O1)N[C@H](C23CC2)CN(C3)c(c4[N+]([O-])=O)c[n+]([O-])cc4"
